MMSI,BaseDateTime,LAT,LON,SOG,COG,Heading,VesselName,IMO,CallSign,VesselType,Status,Length,Width,Draft,Cargo
636019482,2026-09-04T04:40:00,22.28000,68.95000,15.4,52.0,52.0,MT NEPTUNE GLORY,9384721,D5XY8,80,0,274,48,15.2,Crude Oil
636019482,2026-09-04T06:40:00,22.33000,69.03000,15.1,50.0,50.0,MT NEPTUNE GLORY,9384721,D5XY8,80,0,274,48,15.2,Crude Oil
636019482,2026-09-04T07:40:00,22.36500,69.08500,9.2,48.0,48.0,MT NEPTUNE GLORY,9384721,D5XY8,80,0,274,48,15.2,Crude Oil
636019482,2026-09-04T08:10:00,22.38400,69.11600,5.1,44.0,44.0,MT NEPTUNE GLORY,9384721,D5XY8,80,0,274,48,15.2,Crude Oil
636019482,2026-09-04T08:40:00,22.39800,69.13500,5.4,46.0,46.0,MT NEPTUNE GLORY,9384721,D5XY8,80,0,274,48,15.2,Crude Oil
636019482,2026-09-04T09:40:00,22.42000,69.17000,11.5,55.0,55.0,MT NEPTUNE GLORY,9384721,D5XY8,80,0,274,48,15.2,Crude Oil
636019482,2026-09-04T11:40:00,22.46000,69.24000,14.8,54.0,54.0,MT NEPTUNE GLORY,9384721,D5XY8,80,0,274,48,15.2,Crude Oil
636019482,2026-09-04T14:40:00,22.52000,69.34000,14.5,55.0,55.0,MT NEPTUNE GLORY,9384721,D5XY8,80,0,274,48,15.2,Crude Oil
636019482,2026-09-04T18:40:00,22.58000,69.45000,4.2,70.0,70.0,MT NEPTUNE GLORY,9384721,D5XY8,80,1,274,48,15.2,Crude Oil
419001234,2026-09-04T04:40:00,22.41000,68.98000,13.8,65.0,65.0,MT BHARAT RATNA,9422100,AVBK,81,0,182,32,10.5,Clean Petroleum
419001234,2026-09-04T07:40:00,22.44500,69.07500,13.9,66.0,66.0,MT BHARAT RATNA,9422100,AVBK,81,0,182,32,10.5,Clean Petroleum
419001234,2026-09-04T10:40:00,22.48000,69.17000,13.7,65.0,65.0,MT BHARAT RATNA,9422100,AVBK,81,0,182,32,10.5,Clean Petroleum
419001234,2026-09-04T13:40:00,22.51500,69.27000,13.6,64.0,64.0,MT BHARAT RATNA,9422100,AVBK,81,0,182,32,10.5,Clean Petroleum
419001234,2026-09-04T18:40:00,22.56000,69.41000,13.5,65.0,65.0,MT BHARAT RATNA,9422100,AVBK,81,0,182,32,10.5,Clean Petroleum
563028000,2026-09-04T06:40:00,22.55000,68.90000,19.2,85.0,85.0,APL BUSAN,9218541,9V8812,70,0,294,40,13.0,Containers
563028000,2026-09-04T10:40:00,22.56500,69.08000,18.8,86.0,86.0,APL BUSAN,9218541,9V8812,70,0,294,40,13.0,Containers
563028000,2026-09-04T14:40:00,22.57500,69.26000,18.5,84.0,84.0,APL BUSAN,9218541,9V8812,70,0,294,40,13.0,Containers
563028000,2026-09-04T18:40:00,22.58500,69.44000,17.9,85.0,85.0,APL BUSAN,9218541,9V8812,70,0,294,40,13.0,Containers
352001456,2026-09-04T05:40:00,22.29000,69.18000,14.1,230.0,230.0,MV PACIFIC FORTUNE,9554321,3EKK2,70,0,225,32,12.2,Dry Bulk
352001456,2026-09-04T09:40:00,22.22000,69.07000,14.2,232.0,232.0,MV PACIFIC FORTUNE,9554321,3EKK2,70,0,225,32,12.2,Dry Bulk
352001456,2026-09-04T13:40:00,22.15000,68.96000,14.0,228.0,228.0,MV PACIFIC FORTUNE,9554321,3EKK2,70,0,225,32,12.2,Dry Bulk
352001456,2026-09-04T18:40:00,22.06000,68.82000,14.2,230.0,230.0,MV PACIFIC FORTUNE,9554321,3EKK2,70,0,225,32,12.2,Dry Bulk
419098765,2026-09-04T08:40:00,22.25000,69.25000,8.5,310.0,310.0,OCEAN SUPREME,9123456,AVOS,52,0,78,18,5.4,Offshore Supply
419098765,2026-09-04T12:40:00,22.30000,69.20000,8.2,312.0,312.0,OCEAN SUPREME,9123456,AVOS,52,0,78,18,5.4,Offshore Supply
419098765,2026-09-04T18:40:00,22.35000,69.15000,8.4,315.0,315.0,OCEAN SUPREME,9123456,AVOS,52,0,78,18,5.4,Offshore Supply
419992341,2026-09-04T06:40:00,22.49000,69.15000,4.5,120.0,120.0,FV JAI MATSYA 9,0,IND-F1,30,0,22,6,2.1,Fishing
419992341,2026-09-04T12:40:00,22.48000,69.18000,3.8,140.0,140.0,FV JAI MATSYA 9,0,IND-F1,30,0,22,6,2.1,Fishing
419992341,2026-09-04T18:40:00,22.47000,69.22000,4.1,110.0,110.0,FV JAI MATSYA 9,0,IND-F1,30,0,22,6,2.1,Fishing
